asset_id,requirement_entity,name,category,rig_contract,required_states_or_clips,lods,materials,variants,delivery,production_status,rights_status,acceptance_notes
AST-U01,U01,Warga,humanoid,humanoid,idle_01;idle_02;walk;run;start;stop;turn_left;turn_right;hit;death;chop;mine;pick;harvest;carry;deposit;build;repair;flee,LOD0;LOD1;LOD2,base_color;normal;roughness;metallic_if_relevant;AO,faction;era;equipment;team_accent,GLB + source + textures + actual turntable,pending,not_acquired,"Model, rig, animasi dan file belum tersedia; bukan status produksi selesai"
AST-U02,U02,Penjelajah jalan kaki,humanoid,humanoid,idle_01;idle_02;walk;run;start;stop;turn_left;turn_right;hit;death;scout_observe,LOD0;LOD1;LOD2,base_color;normal;roughness;metallic_if_relevant;AO,faction;era;equipment;team_accent,GLB + source + textures + actual turntable,pending,not_acquired,"Model, rig, animasi dan file belum tersedia; bukan status produksi selesai"
AST-U03,U03,Pengintai berkuda,horse_and_rider,horse + humanoid; saddle/reins sockets,idle_01;idle_02;walk;run;start;stop;turn_left;turn_right;hit;death;mount_idle;mount_walk;mount_trot;mount_gallop;mounted_attack;mount_death,LOD0;LOD1;LOD2,base_color;normal;roughness;metallic_if_relevant;AO,faction;era;equipment;team_accent,GLB + source + textures + actual turntable,pending,not_acquired,"Model, rig, animasi dan file belum tersedia; bukan status produksi selesai"
AST-U04,U04,Milisi pedang,humanoid,humanoid,idle_01;idle_02;walk;run;start;stop;turn_left;turn_right;hit;death;attack;recovery,LOD0;LOD1;LOD2,base_color;normal;roughness;metallic_if_relevant;AO,faction;era;equipment;team_accent,GLB + source + textures + actual turntable,pending,not_acquired,"Model, rig, animasi dan file belum tersedia; bukan status produksi selesai"
AST-U05,U05,Pedang dan perisai,humanoid,humanoid,idle_01;idle_02;walk;run;start;stop;turn_left;turn_right;hit;death;attack;recovery;shield_hold;shield_block,LOD0;LOD1;LOD2,base_color;normal;roughness;metallic_if_relevant;AO,faction;era;equipment;team_accent,GLB + source + textures + actual turntable,pending,not_acquired,"Model, rig, animasi dan file belum tersedia; bukan status produksi selesai"
AST-U06,U06,Infanteri berat,humanoid,humanoid,idle_01;idle_02;walk;run;start;stop;turn_left;turn_right;hit;death;attack;recovery;shield_hold;shield_block,LOD0;LOD1;LOD2,base_color;normal;roughness;metallic_if_relevant;AO,faction;era;equipment;team_accent,GLB + source + textures + actual turntable,pending,not_acquired,"Model, rig, animasi dan file belum tersedia; bukan status produksi selesai"
AST-U07,U07,Penombak ringan,humanoid,humanoid,idle_01;idle_02;walk;run;start;stop;turn_left;turn_right;hit;death;attack;recovery;brace;release_brace,LOD0;LOD1;LOD2,base_color;normal;roughness;metallic_if_relevant;AO,faction;era;equipment;team_accent,GLB + source + textures + actual turntable,pending,not_acquired,"Model, rig, animasi dan file belum tersedia; bukan status produksi selesai"
AST-U08,U08,Penombak berperisai,humanoid,humanoid,idle_01;idle_02;walk;run;start;stop;turn_left;turn_right;hit;death;attack;recovery;shield_hold;shield_block;brace;release_brace,LOD0;LOD1;LOD2,base_color;normal;roughness;metallic_if_relevant;AO,faction;era;equipment;team_accent,GLB + source + textures + actual turntable,pending,not_acquired,"Model, rig, animasi dan file belum tersedia; bukan status produksi selesai"
AST-U09,U09,Pikeman,humanoid,humanoid,idle_01;idle_02;walk;run;start;stop;turn_left;turn_right;hit;death;attack;recovery;brace;release_brace,LOD0;LOD1;LOD2,base_color;normal;roughness;metallic_if_relevant;AO,faction;era;equipment;team_accent,GLB + source + textures + actual turntable,pending,not_acquired,"Model, rig, animasi dan file belum tersedia; bukan status produksi selesai"
AST-U10,U10,Pemanah jalan kaki,humanoid,humanoid,idle_01;idle_02;walk;run;start;stop;turn_left;turn_right;hit;death;aim;release;reload,LOD0;LOD1;LOD2,base_color;normal;roughness;metallic_if_relevant;AO,faction;era;equipment;team_accent,GLB + source + textures + actual turntable,pending,not_acquired,"Model, rig, animasi dan file belum tersedia; bukan status produksi selesai"
AST-U11,U11,Pemanah jarak jauh khas,humanoid,humanoid,idle_01;idle_02;walk;run;start;stop;turn_left;turn_right;hit;death;aim;release;reload,LOD0;LOD1;LOD2,base_color;normal;roughness;metallic_if_relevant;AO,faction;era;equipment;team_accent,GLB + source + textures + actual turntable,pending,not_acquired,"Model, rig, animasi dan file belum tersedia; bukan status produksi selesai"
AST-U12,U12,Crossbowman,humanoid,humanoid,idle_01;idle_02;walk;run;start;stop;turn_left;turn_right;hit;death;aim;release;reload,LOD0;LOD1;LOD2,base_color;normal;roughness;metallic_if_relevant;AO,faction;era;equipment;team_accent,GLB + source + textures + actual turntable,pending,not_acquired,"Model, rig, animasi dan file belum tersedia; bukan status produksi selesai"
AST-U13,U13,Pelempar lembing/perisai,humanoid,humanoid,idle_01;idle_02;walk;run;start;stop;turn_left;turn_right;hit;death;attack;recovery;shield_hold;shield_block,LOD0;LOD1;LOD2,base_color;normal;roughness;metallic_if_relevant;AO,faction;era;equipment;team_accent,GLB + source + textures + actual turntable,pending,not_acquired,"Model, rig, animasi dan file belum tersedia; bukan status produksi selesai"
AST-U14,U14,Kavaleri pedang ringan,horse_and_rider,horse + humanoid; saddle/reins sockets,idle_01;idle_02;walk;run;start;stop;turn_left;turn_right;hit;death;mount_idle;mount_walk;mount_trot;mount_gallop;mounted_attack;mount_death;attack;recovery,LOD0;LOD1;LOD2,base_color;normal;roughness;metallic_if_relevant;AO,faction;era;equipment;team_accent,GLB + source + textures + actual turntable,pending,not_acquired,"Model, rig, animasi dan file belum tersedia; bukan status produksi selesai"
AST-U15,U15,Kavaleri tombak/lance,horse_and_rider,horse + humanoid; saddle/reins sockets,idle_01;idle_02;walk;run;start;stop;turn_left;turn_right;hit;death;mount_idle;mount_walk;mount_trot;mount_gallop;mounted_attack;mount_death;attack;recovery,LOD0;LOD1;LOD2,base_color;normal;roughness;metallic_if_relevant;AO,faction;era;equipment;team_accent,GLB + source + textures + actual turntable,pending,not_acquired,"Model, rig, animasi dan file belum tersedia; bukan status produksi selesai"
AST-U16,U16,Kesatria pedang berat,horse_and_rider,horse + humanoid; saddle/reins sockets,idle_01;idle_02;walk;run;start;stop;turn_left;turn_right;hit;death;mount_idle;mount_walk;mount_trot;mount_gallop;mounted_attack;mount_death;attack;recovery;shield_hold;shield_block,LOD0;LOD1;LOD2,base_color;normal;roughness;metallic_if_relevant;AO,faction;era;equipment;team_accent,GLB + source + textures + actual turntable,pending,not_acquired,"Model, rig, animasi dan file belum tersedia; bukan status produksi selesai"
AST-U17,U17,Pemanah berkuda,horse_and_rider,horse + humanoid; saddle/reins sockets,idle_01;idle_02;walk;run;start;stop;turn_left;turn_right;hit;death;mount_idle;mount_walk;mount_trot;mount_gallop;mounted_attack;mount_death;aim;release;reload,LOD0;LOD1;LOD2,base_color;normal;roughness;metallic_if_relevant;AO,faction;era;equipment;team_accent,GLB + source + textures + actual turntable,pending,not_acquired,"Model, rig, animasi dan file belum tersedia; bukan status produksi selesai"
AST-U18,U18,Pasukan unta tombak,camel_and_rider,camel + humanoid; saddle/reins sockets,idle_01;idle_02;walk;run;start;stop;turn_left;turn_right;hit;death;camel_idle;camel_walk;camel_run;mounted_attack;camel_death;attack;recovery,LOD0;LOD1;LOD2,base_color;normal;roughness;metallic_if_relevant;AO,faction;era;equipment;team_accent,GLB + source + textures + actual turntable,pending,not_acquired,"Model, rig, animasi dan file belum tersedia; bukan status produksi selesai"
AST-U19,U19,Pasukan unta pedang,camel_and_rider,camel + humanoid; saddle/reins sockets,idle_01;idle_02;walk;run;start;stop;turn_left;turn_right;hit;death;camel_idle;camel_walk;camel_run;mounted_attack;camel_death;attack;recovery,LOD0;LOD1;LOD2,base_color;normal;roughness;metallic_if_relevant;AO,faction;era;equipment;team_accent,GLB + source + textures + actual turntable,pending,not_acquired,"Model, rig, animasi dan file belum tersedia; bukan status produksi selesai"
AST-U20,U20,Healer,humanoid,humanoid,idle_01;idle_02;walk;run;start;stop;turn_left;turn_right;hit;death;heal,LOD0;LOD1;LOD2,base_color;normal;roughness;metallic_if_relevant;AO,faction;era;equipment;team_accent,GLB + source + textures + actual turntable,pending,not_acquired,"Model, rig, animasi dan file belum tersedia; bukan status produksi selesai"
AST-U21,U21,Pendobrak/ram,siege,mechanical,idle;move;load;fire;impact;destroy,LOD0;LOD1;LOD2,base_color;normal;roughness;metallic_if_relevant;AO,faction;era;equipment;team_accent,GLB + source + textures + actual turntable,pending,not_acquired,"Model, rig, animasi dan file belum tersedia; bukan status produksi selesai"
AST-U22,U22,Mangonel,siege,mechanical,idle;move;load;fire;impact;destroy,LOD0;LOD1;LOD2,base_color;normal;roughness;metallic_if_relevant;AO,faction;era;equipment;team_accent,GLB + source + textures + actual turntable,pending,not_acquired,"Model, rig, animasi dan file belum tersedia; bukan status produksi selesai"
AST-U23,U23,Trebuchet,siege,mechanical,idle;move;load;fire;impact;destroy;pack;unpack,LOD0;LOD1;LOD2,base_color;normal;roughness;metallic_if_relevant;AO,faction;era;equipment;team_accent,GLB + source + textures + actual turntable,pending,not_acquired,"Model, rig, animasi dan file belum tersedia; bukan status produksi selesai"
AST-U24,U24,Bombard,siege,mechanical,idle;move;load;fire;impact;destroy,LOD0;LOD1;LOD2,base_color;normal;roughness;metallic_if_relevant;AO,faction;era;equipment;team_accent,GLB + source + textures + actual turntable,pending,not_acquired,"Model, rig, animasi dan file belum tersedia; bukan status produksi selesai"
AST-U25,U25,Trade cart/karavan,trade_cart,wheel + draft_animal + driver,idle;move;load;unload;destroy,LOD0;LOD1;LOD2,base_color;normal;roughness;metallic_if_relevant;AO,faction;era;equipment;team_accent,GLB + source + textures + actual turntable,pending,not_acquired,"Model, rig, animasi dan file belum tersedia; bukan status produksi selesai"
AST-B01,B01,Town Center,building,mechanical parts if needed,foundation;frame;construction_complete;idle;damage_01;damage_02;collapse,LOD0;LOD1;LOD2,base_color;normal;roughness;metallic_if_relevant;AO,faction;era;construction;damage,GLB + source + footprint + collision + actual turntable,pending,not_acquired,Landmark memerlukan mesh unik; bangunan umum memakai kit faksi; no fake label-only upgrade
AST-B02,B02,Rumah,building,mechanical parts if needed,foundation;frame;construction_complete;idle;damage_01;damage_02;collapse,LOD0;LOD1;LOD2,base_color;normal;roughness;metallic_if_relevant;AO,faction;era;construction;damage,GLB + source + footprint + collision + actual turntable,pending,not_acquired,Landmark memerlukan mesh unik; bangunan umum memakai kit faksi; no fake label-only upgrade
AST-B03,B03,Mill/granary,building,mechanical parts if needed,foundation;frame;construction_complete;idle;damage_01;damage_02;collapse,LOD0;LOD1;LOD2,base_color;normal;roughness;metallic_if_relevant;AO,faction;era;construction;damage,GLB + source + footprint + collision + actual turntable,pending,not_acquired,Landmark memerlukan mesh unik; bangunan umum memakai kit faksi; no fake label-only upgrade
AST-B04,B04,Lumber camp,building,mechanical parts if needed,foundation;frame;construction_complete;idle;damage_01;damage_02;collapse,LOD0;LOD1;LOD2,base_color;normal;roughness;metallic_if_relevant;AO,faction;era;construction;damage,GLB + source + footprint + collision + actual turntable,pending,not_acquired,Landmark memerlukan mesh unik; bangunan umum memakai kit faksi; no fake label-only upgrade
AST-B05,B05,Mining camp,building,mechanical parts if needed,foundation;frame;construction_complete;idle;damage_01;damage_02;collapse,LOD0;LOD1;LOD2,base_color;normal;roughness;metallic_if_relevant;AO,faction;era;construction;damage,GLB + source + footprint + collision + actual turntable,pending,not_acquired,Landmark memerlukan mesh unik; bangunan umum memakai kit faksi; no fake label-only upgrade
AST-B06,B06,Farm,building,mechanical parts if needed,foundation;frame;construction_complete;idle;damage_01;damage_02;collapse,LOD0;LOD1;LOD2,base_color;normal;roughness;metallic_if_relevant;AO,faction;era;construction;damage,GLB + source + footprint + collision + actual turntable,pending,not_acquired,Landmark memerlukan mesh unik; bangunan umum memakai kit faksi; no fake label-only upgrade
AST-B07,B07,Barracks,building,mechanical parts if needed,foundation;frame;construction_complete;idle;damage_01;damage_02;collapse,LOD0;LOD1;LOD2,base_color;normal;roughness;metallic_if_relevant;AO,faction;era;construction;damage,GLB + source + footprint + collision + actual turntable,pending,not_acquired,Landmark memerlukan mesh unik; bangunan umum memakai kit faksi; no fake label-only upgrade
AST-B08,B08,Archery range,building,mechanical parts if needed,foundation;frame;construction_complete;idle;damage_01;damage_02;collapse,LOD0;LOD1;LOD2,base_color;normal;roughness;metallic_if_relevant;AO,faction;era;construction;damage,GLB + source + footprint + collision + actual turntable,pending,not_acquired,Landmark memerlukan mesh unik; bangunan umum memakai kit faksi; no fake label-only upgrade
AST-B09,B09,Stable,building,mechanical parts if needed,foundation;frame;construction_complete;idle;damage_01;damage_02;collapse,LOD0;LOD1;LOD2,base_color;normal;roughness;metallic_if_relevant;AO,faction;era;construction;damage,GLB + source + footprint + collision + actual turntable,pending,not_acquired,Landmark memerlukan mesh unik; bangunan umum memakai kit faksi; no fake label-only upgrade
AST-B10,B10,Camel stable,building,mechanical parts if needed,foundation;frame;construction_complete;idle;damage_01;damage_02;collapse,LOD0;LOD1;LOD2,base_color;normal;roughness;metallic_if_relevant;AO,faction;era;construction;damage,GLB + source + footprint + collision + actual turntable,pending,not_acquired,Landmark memerlukan mesh unik; bangunan umum memakai kit faksi; no fake label-only upgrade
AST-B11,B11,Smithy,building,mechanical parts if needed,foundation;frame;construction_complete;idle;damage_01;damage_02;collapse,LOD0;LOD1;LOD2,base_color;normal;roughness;metallic_if_relevant;AO,faction;era;construction;damage,GLB + source + footprint + collision + actual turntable,pending,not_acquired,Landmark memerlukan mesh unik; bangunan umum memakai kit faksi; no fake label-only upgrade
AST-B12,B12,Market,building,mechanical parts if needed,foundation;frame;construction_complete;idle;damage_01;damage_02;collapse,LOD0;LOD1;LOD2,base_color;normal;roughness;metallic_if_relevant;AO,faction;era;construction;damage,GLB + source + footprint + collision + actual turntable,pending,not_acquired,Landmark memerlukan mesh unik; bangunan umum memakai kit faksi; no fake label-only upgrade
AST-B13,B13,Palisade/gerbang kayu,building,mechanical parts if needed,foundation;frame;construction_complete;idle;damage_01;damage_02;collapse;gate_open;gate_close,LOD0;LOD1;LOD2,base_color;normal;roughness;metallic_if_relevant;AO,faction;era;construction;damage,GLB + source + footprint + collision + actual turntable,pending,not_acquired,Landmark memerlukan mesh unik; bangunan umum memakai kit faksi; no fake label-only upgrade
AST-B14,B14,Watchtower,building,mechanical parts if needed,foundation;frame;construction_complete;idle;damage_01;damage_02;collapse,LOD0;LOD1;LOD2,base_color;normal;roughness;metallic_if_relevant;AO,faction;era;construction;damage,GLB + source + footprint + collision + actual turntable,pending,not_acquired,Landmark memerlukan mesh unik; bangunan umum memakai kit faksi; no fake label-only upgrade
AST-B15,B15,Tembok/gerbang batu,building,mechanical parts if needed,foundation;frame;construction_complete;idle;damage_01;damage_02;collapse;gate_open;gate_close,LOD0;LOD1;LOD2,base_color;normal;roughness;metallic_if_relevant;AO,faction;era;construction;damage,GLB + source + footprint + collision + actual turntable,pending,not_acquired,Landmark memerlukan mesh unik; bangunan umum memakai kit faksi; no fake label-only upgrade
AST-B16,B16,Keep/benteng,building,mechanical parts if needed,foundation;frame;construction_complete;idle;damage_01;damage_02;collapse;gate_open;gate_close,LOD0;LOD1;LOD2,base_color;normal;roughness;metallic_if_relevant;AO,faction;era;construction;damage;tier_I;tier_II;tier_III,GLB + source + footprint + collision + actual turntable,pending,not_acquired,Landmark memerlukan mesh unik; bangunan umum memakai kit faksi; no fake label-only upgrade
AST-B17,B17,Siege workshop,building,mechanical parts if needed,foundation;frame;construction_complete;idle;damage_01;damage_02;collapse,LOD0;LOD1;LOD2,base_color;normal;roughness;metallic_if_relevant;AO,faction;era;construction;damage,GLB + source + footprint + collision + actual turntable,pending,not_acquired,Landmark memerlukan mesh unik; bangunan umum memakai kit faksi; no fake label-only upgrade
AST-B18,B18,Rumah penyembuhan,building,mechanical parts if needed,foundation;frame;construction_complete;idle;damage_01;damage_02;collapse,LOD0;LOD1;LOD2,base_color;normal;roughness;metallic_if_relevant;AO,faction;era;construction;damage,GLB + source + footprint + collision + actual turntable,pending,not_acquired,Landmark memerlukan mesh unik; bangunan umum memakai kit faksi; no fake label-only upgrade
AST-B19,B19,Academy,building,mechanical parts if needed,foundation;frame;construction_complete;idle;damage_01;damage_02;collapse,LOD0;LOD1;LOD2,base_color;normal;roughness;metallic_if_relevant;AO,faction;era;construction;damage,GLB + source + footprint + collision + actual turntable,pending,not_acquired,Landmark memerlukan mesh unik; bangunan umum memakai kit faksi; no fake label-only upgrade
AST-B20,B20,Landmark pemerintahan,building,mechanical parts if needed,foundation;frame;construction_complete;idle;damage_01;damage_02;collapse,LOD0;LOD1;LOD2,base_color;normal;roughness;metallic_if_relevant;AO,faction;era;construction;damage,GLB + source + footprint + collision + actual turntable,pending,not_acquired,Landmark memerlukan mesh unik; bangunan umum memakai kit faksi; no fake label-only upgrade
AST-B21,B21,Landmark spesialis,building,mechanical parts if needed,foundation;frame;construction_complete;idle;damage_01;damage_02;collapse,LOD0;LOD1;LOD2,base_color;normal;roughness;metallic_if_relevant;AO,faction;era;construction;damage,GLB + source + footprint + collision + actual turntable,pending,not_acquired,Landmark memerlukan mesh unik; bangunan umum memakai kit faksi; no fake label-only upgrade
AST-ENV01,ENV01,Pohon,environment,species-specific for animals; mechanical where relevant,tree_intact;tree_falling;stump;depleted,LOD0;LOD1;LOD2,PBR as appropriate,reviewed faction/biome/period,GLB + source + texture + preview,pending,not_acquired,Wajib dipakai oleh job/aksi; tidak hanya objek dekoratif yang tidak terhubung
AST-ENV02,ENV02,Berry bush,environment,species-specific for animals; mechanical where relevant,full;depleted,LOD0;LOD1;LOD2,PBR as appropriate,reviewed faction/biome/period,GLB + source + texture + preview,pending,not_acquired,Wajib dipakai oleh job/aksi; tidak hanya objek dekoratif yang tidak terhubung
AST-ENV03,ENV03,Tambang emas,environment,species-specific for animals; mechanical where relevant,full;working;depleted,LOD0;LOD1;LOD2,PBR as appropriate,reviewed faction/biome/period,GLB + source + texture + preview,pending,not_acquired,Wajib dipakai oleh job/aksi; tidak hanya objek dekoratif yang tidak terhubung
AST-ENV04,ENV04,Tambang batu,environment,species-specific for animals; mechanical where relevant,full;working;depleted,LOD0;LOD1;LOD2,PBR as appropriate,reviewed faction/biome/period,GLB + source + texture + preview,pending,not_acquired,Wajib dipakai oleh job/aksi; tidak hanya objek dekoratif yang tidak terhubung
AST-ENV05,ENV05,Hewan buruan,environment,species-specific for animals; mechanical where relevant,idle;walk;run;hit;death;carcass,LOD0;LOD1;LOD2,PBR as appropriate,reviewed faction/biome/period,GLB + source + texture + preview,pending,not_acquired,Wajib dipakai oleh job/aksi; tidak hanya objek dekoratif yang tidak terhubung
AST-ENV06,ENV06,Ternak,environment,species-specific for animals; mechanical where relevant,idle;walk;death;carcass,LOD0;LOD1;LOD2,PBR as appropriate,reviewed faction/biome/period,GLB + source + texture + preview,pending,not_acquired,Wajib dipakai oleh job/aksi; tidak hanya objek dekoratif yang tidak terhubung
AST-ENV07,ENV07,Air dan ikan pantai,environment,species-specific for animals; mechanical where relevant,idle;fishing_effect,LOD0;LOD1;LOD2,PBR as appropriate,reviewed faction/biome/period,GLB + source + texture + preview,pending,not_acquired,Wajib dipakai oleh job/aksi; tidak hanya objek dekoratif yang tidak terhubung
AST-ENV08,ENV08,Terrain biome,environment,species-specific for animals; mechanical where relevant,grass;forest;stone_valley;drylands;path,LOD0;LOD1;LOD2,PBR as appropriate,reviewed faction/biome/period,GLB + source + texture + preview,pending,not_acquired,Wajib dipakai oleh job/aksi; tidak hanya objek dekoratif yang tidak terhubung
AST-ENV09,ENV09,Jembatan dan ford,environment,species-specific for animals; mechanical where relevant,intact;blocked;destroyed,LOD0;LOD1;LOD2,PBR as appropriate,reviewed faction/biome/period,GLB + source + texture + preview,pending,not_acquired,Wajib dipakai oleh job/aksi; tidak hanya objek dekoratif yang tidak terhubung
AST-ENV10,ENV10,Rubble dan scaffolding,environment,species-specific for animals; mechanical where relevant,construction;damage;rubble,LOD0;LOD1;LOD2,PBR as appropriate,reviewed faction/biome/period,GLB + source + texture + preview,pending,not_acquired,Wajib dipakai oleh job/aksi; tidak hanya objek dekoratif yang tidak terhubung
AST-PRP01,PRP01,Muatan wood,equipment,species-specific for animals; mechanical where relevant,empty;carrying;deposit,LOD0;LOD1;LOD2,PBR as appropriate,reviewed faction/biome/period,GLB + source + texture + preview,pending,not_acquired,Wajib dipakai oleh job/aksi; tidak hanya objek dekoratif yang tidak terhubung
AST-PRP02,PRP02,Muatan food,equipment,species-specific for animals; mechanical where relevant,basket;sack;deposit,LOD0;LOD1;LOD2,PBR as appropriate,reviewed faction/biome/period,GLB + source + texture + preview,pending,not_acquired,Wajib dipakai oleh job/aksi; tidak hanya objek dekoratif yang tidak terhubung
AST-PRP03,PRP03,Muatan gold dan stone,equipment,species-specific for animals; mechanical where relevant,ore_bag;stone_basket;deposit,LOD0;LOD1;LOD2,PBR as appropriate,reviewed faction/biome/period,GLB + source + texture + preview,pending,not_acquired,Wajib dipakai oleh job/aksi; tidak hanya objek dekoratif yang tidak terhubung
AST-PRP04,PRP04,Senjata infantry,equipment,species-specific for animals; mechanical where relevant,sword;spear;pike;javelin,LOD0;LOD1;LOD2,PBR as appropriate,reviewed faction/biome/period,GLB + source + texture + preview,pending,not_acquired,Wajib dipakai oleh job/aksi; tidak hanya objek dekoratif yang tidak terhubung
AST-PRP05,PRP05,Senjata ranged,equipment,species-specific for animals; mechanical where relevant,bow;crossbow;quiver;arrow;bolt,LOD0;LOD1;LOD2,PBR as appropriate,reviewed faction/biome/period,GLB + source + texture + preview,pending,not_acquired,Wajib dipakai oleh job/aksi; tidak hanya objek dekoratif yang tidak terhubung
AST-PRP06,PRP06,Perisai,equipment,species-specific for animals; mechanical where relevant,round;elongated;faction_variants,LOD0;LOD1;LOD2,PBR as appropriate,reviewed faction/biome/period,GLB + source + texture + preview,pending,not_acquired,Wajib dipakai oleh job/aksi; tidak hanya objek dekoratif yang tidak terhubung
AST-PRP07,PRP07,Armor dan kostum,equipment,species-specific for animals; mechanical where relevant,cloth;mail;plate;helmet;belt;scabbard,LOD0;LOD1;LOD2,PBR as appropriate,reviewed faction/biome/period,GLB + source + texture + preview,pending,not_acquired,Wajib dipakai oleh job/aksi; tidak hanya objek dekoratif yang tidak terhubung
AST-PRP08,PRP08,Horse tack,equipment,species-specific for animals; mechanical where relevant,saddle;reins;stirrup;cloth;armor,LOD0;LOD1;LOD2,PBR as appropriate,reviewed faction/biome/period,GLB + source + texture + preview,pending,not_acquired,Wajib dipakai oleh job/aksi; tidak hanya objek dekoratif yang tidak terhubung
AST-PRP09,PRP09,Camel tack,equipment,species-specific for animals; mechanical where relevant,camel_saddle;reins;baggage,LOD0;LOD1;LOD2,PBR as appropriate,reviewed faction/biome/period,GLB + source + texture + preview,pending,not_acquired,Wajib dipakai oleh job/aksi; tidak hanya objek dekoratif yang tidak terhubung
AST-PRP10,PRP10,Proyektil siege,equipment,species-specific for animals; mechanical where relevant,stone;bombard_projectile;debris,LOD0;LOD1;LOD2,PBR as appropriate,reviewed faction/biome/period,GLB + source + texture + preview,pending,not_acquired,Wajib dipakai oleh job/aksi; tidak hanya objek dekoratif yang tidak terhubung
AST-PRP11,PRP11,Banner dan heraldry,equipment,species-specific for animals; mechanical where relevant,faction;team_color;wind,LOD0;LOD1;LOD2,PBR as appropriate,reviewed faction/biome/period,GLB + source + texture + preview,pending,not_acquired,Wajib dipakai oleh job/aksi; tidak hanya objek dekoratif yang tidak terhubung
